img010.bin, e\amazora02.jpg
img011.bin, e\amazora03.jpg
img012.bin, e\b.jpg
img013.bin, e\byoin7_rouka.jpg
img014.bin, e\byoin_chusyajo.jpg
img015.bin, e\byoin_heya_yu2.jpg
img016.bin, e\byoin_rouka.jpg
img017.bin, e\c00.jpg
img018.bin, e\c001.jpg
img019.bin, e\c001a.jpg
img020.bin, e\c001b.jpg
img021.bin, e\c002.jpg
img022.bin, e\c003.jpg
img023.bin, e\c004.jpg
img024.bin, e\c005.jpg
img025.bin, e\c0052.jpg
img026.bin, e\c02.jpg
img027.bin, e\c03.jpg
img028.bin, e\c032.jpg
img029.bin, e\c033.jpg
img030.bin, e\c042.jpg
img031.bin, e\car_byoin_chusyajo.jpg
img032.bin, e\car_byoin_chusyajo_yoru.jpg
img033.bin, e\car_byoin_chusyajo_yoru_ame.jpg
img034.bin, e\car_michi01.jpg
img035.bin, e\car_naname_michi01.jpg
img036.bin, e\carkey.jpg
img037.bin, e\chara_001.jpg
img038.bin, e\chara_0012.jpg
img039.bin, e\chara_0013.jpg
img040.bin, e\chara_0013b.jpg
img041.bin, e\chara_k01.jpg
img042.bin, e\chara_k02.jpg
img043.bin, e\chusha_hamabe_yu.jpg
img044.bin, e\chusha_michi2_yoru.jpg
img045.bin, e\chusha_michi2_yu.jpg
img046.bin, e\chusha_michi_ame_yoru.jpg
img047.bin, e\coin_tennai.jpg
img048.bin, e\danwa.jpg
img049.bin, e\danwa_ame.jpg
img050.bin, e\danwa_yoru.jpg
img051.bin, e\gs.jpg
img052.bin, e\hashigeta.jpg
img053.bin, e\hiki_kosoku2.jpg
img054.bin, e\hiki_shigai_yu.jpg
img055.bin, e\image01.jpg
img056.bin, e\imege03.jpg
img057.bin, e\imege04.jpg
img058.bin, e\imege05.jpg
img059.bin, e\imege06.jpg
img060.bin, e\imege07.jpg
img061.bin, e\imege072.jpg
img062.bin, e\imege09.jpg
img063.bin, e\imege92.jpg
img064.bin, e\imege93.jpg
img065.bin, e\imege94.jpg
img066.bin, e\imege95.jpg
img067.bin, e\imege96.jpg
img068.bin, e\imege97.jpg
img069.bin, e\joku_kosoku.jpg
img070.bin, e\joku_kosoku_yu.jpg
img071.bin, e\joku_shigaichi.jpg
img072.bin, e\naname_inaka_ame2.jpg
img073.bin, e\naname_inaka_yoru.jpg
img074.bin, e\naname_inaka_yu.jpg
img075.bin, e\naname_machi.jpg
img076.bin, e\naname_machi2.jpg
img077.bin, e\naname_machi2_yoru.jpg
img078.bin, e\naname_michi.jpg
img079.bin, e\naname_michi_yoru.jpg
img080.bin, e\naname_yuki.jpg
img081.bin, e\nar01.jpg
img082.bin, e\nar01c.jpg
img083.bin, e\nar01d.jpg
img084.bin, e\narcissu_b.jpg
img085.bin, e\narcissu_yoru_ame.jpg
img086.bin, e\pachi.jpg
img087.bin, e\setsumi_kaisou.jpg
img088.bin, e\shanai_inaka.jpg
img089.bin, e\shanai_michi01.jpg
img090.bin, e\shanai_michi01_yoru.jpg
img091.bin, e\shanai_michi01_yu.jpg
img092.bin, e\shanai_michi01b.jpg
img093.bin, e\shanai_michi02_yoru.jpg
img094.bin, e\shanai_michi03_yu.jpg
img095.bin, e\shanai_michi04.jpg
img096.bin, e\sora01.jpg
img097.bin, e\sora02.jpg
img098.bin, e\sora03.jpg
img099.bin, e\sora06.jpg
img100.bin, e\sora07.jpg
img101.bin, e\sora_ame01.jpg
img102.bin, e\sora_ame01b.jpg
img103.bin, e\sora_ame02.jpg
img104.bin, e\sora_ame03.jpg
img105.bin, e\sora_yoru01.jpg
img106.bin, e\sora_yu.jpg
img107.bin, e\soukou.jpg
img108.bin, e\soukou_machi.jpg
img109.bin, e\soukou_machi_yoru.jpg
img110.bin, e\soukou_machi_yu.jpg
img111.bin, e\soukou_yoru.jpg
img112.bin, e\st00.jpg
img113.bin, e\st01.jpg
img114.bin, e\st02.jpg
img115.bin, e\st03.jpg
img116.bin, e\st04.jpg
img117.bin, e\st05.jpg
img118.bin, e\tv_hana.jpg
img119.bin, e\umibe_yoru.jpg
img120.bin, e\w.jpg
img121.bin, e\yakkyoku.jpg
img122.bin, e\yuki_kohan.jpg
img123.bin, e\yukizora.jpg
img124.bin, tui2\c0432.bmp
img125.bin, tui2\c044.bmp
img126.bin, tui2\c0442.bmp
img127.bin, tui2\c045.bmp
img128.bin, tui2\c046.bmp
img129.bin, tui2\c047.bmp
img130.bin, tui2\c049.bmp
img131.bin, tui2\cat02.bmp
img132.bin, tui2\cat05.bmp
img133.bin, tui2\cat06.bmp
img134.bin, tui2\cat07.bmp
img135.bin, tui2\cat072.bmp
img136.bin, tui2\cat073.bmp
img137.bin, tui\imege98.bmp
img138.bin, tui\naname_inaka_yoru2.bmp
img139.bin, yobi\car_byoin_chusyajo_yu.bmp
img140.bin, yobi\cat03.bmp
img141.bin, yobi\cat09.bmp
