FMX010.bin, se\amadare.wav
FMX011.bin, se\autodoor.wav
FMX012.bin, se\c-1.wav
FMX013.bin, se\c-2.wav
FMX014.bin, se\camera.wav
FMX015.bin, se\car1.wav
FMX016.bin, se\car2.wav
FMX017.bin, se\car3.wav
FMX018.bin, se\car_s.wav
FMX019.bin, se\car_s3.wav
FMX020.bin, se\car_s4.wav
FMX021.bin, se\car_start.wav
FMX022.bin, se\car_start2.wav
FMX023.bin, se\close.wav
FMX024.bin, se\coin.wav
FMX025.bin, se\coin2.wav
FMX026.bin, se\coin_d.wav
FMX027.bin, se\engin_s.wav
FMX028.bin, se\engine_start.wav
FMX029.bin, se\faan1_b.wav
FMX030.bin, se\g_crash2.wav
FMX031.bin, se\hayaasi.wav
FMX032.bin, se\kati.wav
FMX033.bin, se\kaze13.wav
FMX034.bin, se\kaze3.wav
FMX035.bin, se\kaze3_2.wav
FMX036.bin, se\key2.wav
FMX037.bin, se\knocking.wav
FMX038.bin, se\nami02b.wav
FMX039.bin, se\nami3.wav
FMX040.bin, se\open.wav
FMX041.bin, se\pachinko1.wav
FMX042.bin, se\rain01.wav
FMX043.bin, se\rain_1.wav
FMX044.bin, se\rain_12.wav
FMX045.bin, se\umi13.wav
FMX046.bin, se\umitori.wav
FMX047.bin, se\water_x2.wav
FMX048.bin, se\z42r.wav
FMX100.bin, w\n001.ogg
FMX101.bin, w\n002.ogg
FMX102.bin, w\n003.ogg
FMX103.bin, w\n004.ogg
FMX104.bin, w\n005.ogg
FMX105.bin, w\n006.ogg
FMX106.bin, w\n007.ogg
FMX107.bin, w\n008.ogg
FMX108.bin, w\n009.ogg
FMX109.bin, w\n015.ogg
FMX110.bin, w\n026.ogg
FMX111.bin, w\n027.ogg
FMX112.bin, w\n028.ogg
FMX113.bin, w\n029.ogg
FMX114.bin, w\n030.ogg
FMX115.bin, w\n032.ogg
FMX116.bin, w\n033.ogg
FMX117.bin, w\n035.ogg
FMX118.bin, w\n036.ogg
FMX119.bin, w\n037.ogg
FMX120.bin, w\n039.ogg
FMX121.bin, w\n040_1.ogg
FMX122.bin, w\n042.ogg
FMX123.bin, w\n043.ogg
FMX124.bin, w\n044.ogg
FMX125.bin, w\n055.ogg
FMX126.bin, w\n060.ogg
FMX127.bin, w\n061.ogg
FMX128.bin, w\n062.ogg
FMX129.bin, w\n063.ogg
FMX130.bin, w\n064.ogg
FMX131.bin, w\n065.ogg
FMX132.bin, w\n066.ogg
FMX133.bin, w\n067.ogg
FMX134.bin, w\n068.ogg
FMX135.bin, w\n069.ogg
FMX136.bin, w\n070.ogg
FMX137.bin, w\n071.ogg
FMX138.bin, w\n073.ogg
FMX139.bin, w\n074.ogg
FMX140.bin, w\n076.ogg
FMX141.bin, w\n077.ogg
FMX142.bin, w\n078.ogg
FMX143.bin, w\n079.ogg
FMX144.bin, w\n080.ogg
FMX145.bin, w\n081.ogg
FMX146.bin, w\n082.ogg
FMX147.bin, w\n083.ogg
FMX148.bin, w\n084.ogg
FMX149.bin, w\n088.ogg
FMX150.bin, w\n089.ogg
FMX151.bin, w\n090.ogg
FMX152.bin, w\n091.ogg
FMX153.bin, w\n092.ogg
FMX154.bin, w\n093.ogg
FMX155.bin, w\n094.ogg
FMX156.bin, w\n095.ogg
FMX157.bin, w\n096.ogg
FMX158.bin, w\n097.ogg
FMX159.bin, w\n098.ogg
FMX160.bin, w\n100.ogg
FMX161.bin, w\n101.ogg
FMX162.bin, w\n102.ogg
FMX163.bin, w\n103.ogg
FMX164.bin, w\n104.ogg
FMX165.bin, w\n105.ogg
FMX166.bin, w\n106.ogg
FMX167.bin, w\n107.ogg
FMX168.bin, w\n108.ogg
FMX169.bin, w\n109.ogg
FMX170.bin, w\n110.ogg
FMX171.bin, w\n111.ogg
FMX172.bin, w\n112.ogg
FMX173.bin, w\n113.ogg
FMX174.bin, w\n114.ogg
FMX175.bin, w\n115.ogg
FMX176.bin, w\n116.ogg
FMX177.bin, w\n117.ogg
FMX178.bin, w\n118.ogg
FMX179.bin, w\n119.ogg
FMX180.bin, w\n120.ogg
FMX181.bin, w\n121.ogg
FMX182.bin, w\n122.ogg
FMX183.bin, w\n123.ogg
FMX184.bin, w\n124.ogg
FMX185.bin, w\n125.ogg
FMX186.bin, w\n126.ogg
FMX187.bin, w\n127.ogg
FMX188.bin, w\n128.ogg
FMX189.bin, w\n130.ogg
FMX190.bin, w\n131.ogg
FMX191.bin, w\n132.ogg
FMX192.bin, w\n133.ogg
FMX193.bin, w\n134.ogg
FMX194.bin, w\n136.ogg
FMX195.bin, w\n137.ogg
FMX196.bin, w\n138.ogg
FMX197.bin, w\n139.ogg
FMX198.bin, w\n140.ogg
FMX199.bin, w\n141.ogg
FMX200.bin, w\n142.ogg
FMX201.bin, w\n143.ogg
FMX202.bin, w\n144.ogg
FMX203.bin, w\n145.ogg
FMX204.bin, w\n146.ogg
FMX205.bin, w\n147.ogg
FMX206.bin, w\n148.ogg
FMX207.bin, w\n149.ogg
FMX208.bin, w\n150.ogg
FMX209.bin, w\n151.ogg
FMX210.bin, w\n152.ogg
FMX211.bin, w\n153.ogg
FMX212.bin, w\n154.ogg
FMX213.bin, w\n156.ogg
FMX214.bin, w\n157.ogg
FMX215.bin, w\n158.ogg
FMX216.bin, w\n159.ogg
FMX217.bin, w\n161.ogg
FMX218.bin, w\n162.ogg
FMX219.bin, w\n163.ogg
FMX220.bin, w\n164.ogg
FMX221.bin, w\n165.ogg
FMX222.bin, w\n166.ogg
FMX223.bin, w\n167.ogg
FMX224.bin, w\n168.ogg
FMX225.bin, w\n169.ogg
FMX226.bin, w\n170.ogg
FMX227.bin, w\n171.ogg
FMX228.bin, w\n172.ogg
FMX229.bin, w\n173.ogg
FMX230.bin, w\n174.ogg
FMX231.bin, w\n175.ogg
FMX232.bin, w\n176.ogg
FMX233.bin, w\n177.ogg
FMX234.bin, w\n178.ogg
FMX235.bin, w\n179.ogg
FMX236.bin, w\n180.ogg
FMX237.bin, w\n181.ogg
FMX238.bin, w\n182.ogg
FMX239.bin, w\n183.ogg
FMX240.bin, w\n184.ogg
FMX241.bin, w\n185.ogg
FMX242.bin, w\n186.ogg
FMX243.bin, w\n188.ogg
FMX244.bin, w\n193.ogg
FMX245.bin, w\n195.ogg
FMX246.bin, w\n198.ogg
FMX247.bin, w\n200.ogg
FMX248.bin, w\n201.ogg
FMX249.bin, w\n202.ogg
FMX250.bin, w\n205.ogg
FMX251.bin, w\n206.ogg
FMX252.bin, w\n207.ogg
FMX253.bin, w\n208.ogg
FMX254.bin, w\n209.ogg
FMX255.bin, w\n210.ogg
FMX256.bin, w\n211.ogg
FMX257.bin, w\n212.ogg
FMX258.bin, w\n213.ogg
FMX259.bin, w\n214.ogg
FMX260.bin, w\n215.ogg
FMX261.bin, w\n216.ogg
FMX262.bin, w\n218.ogg
FMX263.bin, w\n219.ogg
FMX264.bin, w\n220.ogg
FMX265.bin, w\n222.ogg
FMX266.bin, w\n223.ogg
FMX267.bin, w\n224.ogg
FMX268.bin, w\n225.ogg
FMX269.bin, w\n226.ogg
FMX270.bin, w\n227.ogg
FMX271.bin, w\n228.ogg
FMX272.bin, w\n230.ogg
FMX273.bin, w\n231.ogg
FMX274.bin, w\n232.ogg
FMX275.bin, w\n233.ogg
FMX276.bin, w\n234.ogg
FMX277.bin, w\n235.ogg
FMX278.bin, w\n236.ogg
FMX279.bin, w\n237.ogg
FMX280.bin, w\n238.ogg
FMX281.bin, w\n239.ogg
FMX282.bin, w\n240.ogg
FMX283.bin, w\n241.ogg
FMX284.bin, w\n242.ogg
FMX285.bin, w\n243.ogg
FMX286.bin, w\n244.ogg
FMX287.bin, w\n245.ogg
FMX288.bin, w\n246.ogg
FMX289.bin, w\n247.ogg
FMX290.bin, w\n248.ogg
FMX291.bin, w\n249.ogg
FMX292.bin, w\n250.ogg
FMX293.bin, w\n251.ogg
FMX294.bin, w\n253.ogg
FMX295.bin, w\n254.ogg
FMX296.bin, w\n255.ogg
FMX297.bin, w\n256.ogg
FMX298.bin, w\n257.ogg
FMX299.bin, w\n259.ogg
FMX300.bin, w\n260.ogg
FMX301.bin, w\n261.ogg
FMX302.bin, w\n262.ogg
FMX303.bin, w\n264.ogg
FMX304.bin, w\n265.ogg
FMX305.bin, w\n266.ogg
FMX306.bin, w\n268.ogg
FMX307.bin, w\n269.ogg
FMX308.bin, w\n270.ogg
FMX309.bin, w\n271.ogg
FMX310.bin, w\n272.ogg
FMX311.bin, w\n273.ogg
FMX312.bin, w\n274.ogg
FMX313.bin, w\n277.ogg
FMX314.bin, w\n278.ogg
FMX315.bin, w\n284.ogg
FMX316.bin, w\n300.ogg
FMX317.bin, w\n306.ogg
FMX318.bin, w\n307.ogg
FMX319.bin, w\n308.ogg
FMX320.bin, w\n321.ogg
FMX321.bin, w\n328.ogg
FMX322.bin, w\n329.ogg
FMX323.bin, w\n332.ogg
FMX324.bin, w\n340.ogg
FMX325.bin, w\n368.ogg
FMX326.bin, w\n370.ogg
FMX327.bin, w\n3712.ogg
FMX328.bin, w\n386.ogg
FMX329.bin, w\n387.ogg
FMX330.bin, w\n407.ogg
FMX331.bin, w\new_076.ogg
FMX332.bin, w\new_077.ogg
FMX333.bin, w\new_078.ogg
FMX334.bin, w\new_079.ogg
FMX335.bin, w\new_080.ogg
FMX336.bin, w\new_081.ogg
FMX337.bin, w\new_082.ogg
FMX338.bin, w\new_083.ogg
FMX339.bin, w\new_084b.ogg
FMX340.bin, w\new_085b.ogg
FMX341.bin, w\new_086.ogg
FMX342.bin, w\new_087.ogg
FMX343.bin, w\new_089.ogg
FMX344.bin, w\new_090.ogg
FMX345.bin, w\new_237.ogg
FMX346.bin, w\new_324.ogg
FMX347.bin, w\new_343.ogg
FMX348.bin, w\new_344.ogg
FMX349.bin, w\new_347.ogg
FMX350.bin, w\new_358.ogg
FMX351.bin, w\new_371.ogg
FMX352.bin, w\new_407.ogg
FMX353.bin, w\new_412.ogg
FMX354.bin, w\new_415b.ogg
FMX355.bin, w\new_416_1.ogg
FMX356.bin, w\new_416_2.ogg
FMX357.bin, w\new_416b.ogg
FMX358.bin, w\new_417b.ogg
FMX359.bin, w\new_418b.ogg
FMX360.bin, w\new_447b.ogg
FMX361.bin, w\new_454.ogg
FMX362.bin, w\new_455b.ogg
FMX363.bin, w\new_463.ogg
FMX364.bin, w\new_465.ogg
FMX365.bin, w\new_467b.ogg
FMX366.bin, w\nv011b.ogg
FMX367.bin, w\nv012.ogg
FMX368.bin, w\nv013.ogg
FMX369.bin, w\nv014.ogg
FMX370.bin, w\nv016.ogg
FMX371.bin, w\nv017.ogg
FMX372.bin, w\nv018.ogg
FMX373.bin, w\nv019.ogg
FMX374.bin, w\nv020.ogg
FMX375.bin, w\nv021.ogg
FMX376.bin, w\nv021b_a.ogg
FMX377.bin, w\nv022.ogg
FMX378.bin, w\nv023.ogg
FMX379.bin, w\nv024.ogg
FMX380.bin, w\nv025.ogg
FMX381.bin, w\nv044.ogg
FMX382.bin, w\nv047.ogg
FMX383.bin, w\nv048_1c.ogg
FMX384.bin, w\nv048b.ogg
FMX385.bin, w\nv049.ogg
FMX386.bin, w\nv049_1b.ogg
FMX387.bin, w\nv050.ogg
FMX388.bin, w\nv051.ogg
FMX389.bin, w\nv052.ogg
FMX390.bin, w\nv053.ogg
FMX391.bin, w\nv054b.ogg
FMX392.bin, w\nv056.ogg
FMX393.bin, w\nv057.ogg
FMX394.bin, w\nv059.ogg
FMX395.bin, w\nv079.ogg
FMX396.bin, w\nv187.ogg
FMX397.bin, w\nv189b.ogg
FMX398.bin, w\nv190.ogg
FMX399.bin, w\nv191b.ogg
FMX400.bin, w\nv192b.ogg
FMX401.bin, w\nv194.ogg
FMX402.bin, w\nv196c.ogg
FMX403.bin, w\nv197.ogg
FMX404.bin, w\nv199.ogg
FMX405.bin, w\nv249.ogg
FMX406.bin, w\nv280.ogg
FMX407.bin, w\nv281.ogg
FMX408.bin, w\nv282.ogg
FMX409.bin, w\nv283b.ogg
FMX410.bin, w\nv285.ogg
FMX411.bin, w\nv286.ogg
FMX412.bin, w\nv287b.ogg
FMX413.bin, w\nv288b.ogg
FMX414.bin, w\nv289.ogg
FMX415.bin, w\nv290b.ogg
FMX416.bin, w\nv294.ogg
FMX417.bin, w\nv295b.ogg
FMX418.bin, w\nv296.ogg
FMX419.bin, w\nv297b.ogg
FMX420.bin, w\nv298c.ogg
FMX421.bin, w\nv299b.ogg
FMX422.bin, w\nv303.ogg
FMX423.bin, w\nv305.ogg
FMX424.bin, w\nv307.ogg
FMX425.bin, w\nv309.ogg
FMX426.bin, w\nv310.ogg
FMX427.bin, w\nv311b.ogg
FMX428.bin, w\nv312.ogg
FMX429.bin, w\nv313.ogg
FMX430.bin, w\nv315.ogg
FMX431.bin, w\nv316.ogg
FMX432.bin, w\nv317.ogg
FMX433.bin, w\nv318.ogg
FMX434.bin, w\nv319.ogg
FMX435.bin, w\nv320b.ogg
FMX436.bin, w\nv322.ogg
FMX437.bin, w\nv324.ogg
FMX438.bin, w\nv325.ogg
FMX439.bin, w\nv330.ogg
FMX440.bin, w\nv331.ogg
FMX441.bin, w\nv333.ogg
FMX442.bin, w\nv334.ogg
FMX443.bin, w\nv336.ogg
FMX444.bin, w\nv337.ogg
FMX445.bin, w\nv338.ogg
FMX446.bin, w\nv339.ogg
FMX447.bin, w\nv341.ogg
FMX448.bin, w\nv342.ogg
FMX449.bin, w\nv343.ogg
FMX450.bin, w\nv344.ogg
FMX451.bin, w\nv345.ogg
FMX452.bin, w\nv346.ogg
FMX453.bin, w\nv347.ogg
FMX454.bin, w\nv348.ogg
FMX455.bin, w\nv349.ogg
FMX456.bin, w\nv350.ogg
FMX457.bin, w\nv351.ogg
FMX458.bin, w\nv352.ogg
FMX459.bin, w\nv353.ogg
FMX460.bin, w\nv354.ogg
FMX461.bin, w\nv355.ogg
FMX462.bin, w\nv356.ogg
FMX463.bin, w\nv357.ogg
FMX464.bin, w\nv358.ogg
FMX465.bin, w\nv360.ogg
FMX466.bin, w\nv361b.ogg
FMX467.bin, w\nv362.ogg
FMX468.bin, w\nv363.ogg
FMX469.bin, w\nv365b.ogg
FMX470.bin, w\nv366.ogg
FMX471.bin, w\nv367.ogg
FMX472.bin, w\nv369.ogg
FMX473.bin, w\nv371.ogg
FMX474.bin, w\nv374b.ogg
FMX475.bin, w\nv375.ogg
FMX476.bin, w\nv376.ogg
FMX477.bin, w\nv377.ogg
FMX478.bin, w\nv378.ogg
FMX479.bin, w\nv379b.ogg
FMX480.bin, w\nv381.ogg
FMX481.bin, w\nv382.ogg
FMX482.bin, w\nv383.ogg
FMX483.bin, w\nv384.ogg
FMX484.bin, w\nv385.ogg
FMX485.bin, w\nv388b.ogg
FMX486.bin, w\nv389b.ogg
FMX487.bin, w\nv391c.ogg
FMX488.bin, w\nv393.ogg
FMX489.bin, w\nv395.ogg
FMX490.bin, w\nv397b.ogg
FMX491.bin, w\nv399.ogg
FMX492.bin, w\nv401.ogg
FMX493.bin, w\nv403.ogg
FMX494.bin, w\nv404.ogg
FMX495.bin, w\nv406.ogg
FMX496.bin, w\nv408.ogg
FMX497.bin, w\nv409b.ogg
FMX498.bin, w\nv410.ogg
